{"cameraMode":{"drawMode":0,"name":"Shaded","section":"Shading Mode"},"sceneLighting":true,"audioPlay":false,"sceneViewState":{"m_AlwaysRefresh":false,"showFog":true,"showSkybox":true,"showFlares":true,"showImageEffects":true,"showParticleSystems":true,"showVisualEffectGraphs":true,"m_FxEnabled":true},"in2DMode":false,"pivot":{"x":-10.783913612365723,"y":6.025901794433594,"z":0.6519331336021423},"rotation":{"x":0.030317801982164384,"y":-0.940451443195343,"z":0.08714376389980316,"w":0.32717612385749819},"size":2.316880226135254,"orthographic":false}