{"cameraMode":{"drawMode":0,"name":"Shaded","section":"Shading Mode"},"sceneLighting":false,"audioPlay":false,"sceneViewState":{"m_AlwaysRefresh":false,"showFog":false,"showSkybox":false,"showFlares":false,"showImageEffects":false,"showParticleSystems":false,"showVisualEffectGraphs":true,"m_FxEnabled":true},"in2DMode":false,"pivot":{"x":0.00028717517852783203,"y":0.8405336737632752,"z":-0.043500497937202457},"rotation":{"x":0.07438546419143677,"y":0.925542414188385,"z":-0.25646042823791506,"w":0.2684507668018341},"size":1.3414875268936158,"orthographic":false}